2014-04-09T15:42:22,2014-04-09T16:02:24,ml
2014-04-09T17:55:33,2014-04-09T18:15:35,ml
2014-04-09T18:15:38,2014-04-09T18:35:39,ml
2014-04-09T18:35:44,2014-04-09T18:55:46,ml
2014-04-09T18:55:48,2014-04-09T19:01:13,ml
2014-04-09T19:04:25,2014-04-09T19:23:04,ml
2014-04-09T19:31:15,2014-04-09T19:41:19,ml
2014-04-09T22:05:16,2014-04-09T22:19:10,ml
2014-04-09T22:20:29,2014-04-09T22:40:30,ml
2014-04-09T22:40:34,2014-04-09T23:00:35,ml
2014-04-09T23:00:41,2014-04-09T23:15:08,ml
2014-04-09T23:17:09,2014-04-09T23:37:11,ml
2014-04-09T23:37:13,2014-04-09T23:57:14,ml
2014-04-09T23:57:16,2014-04-10T00:17:17,ml
2014-04-10T21:46:45,2014-04-10T22:06:46,ml
2014-04-10T22:06:51,2014-04-10T22:11:46,ml
2014-04-10T22:12:46,2014-04-10T22:32:47,ml
2014-04-10T22:32:50,2014-04-10T22:52:51,ml
2014-04-10T22:52:57,2014-04-10T23:10:33,ml
